,acc_val,acc_test
0,0.77279997,0.83529997
